i,j,k,nx,ny,nz 
0,0,0,-3.686707e-02,-7.174712e-02,9.967413e-01
0,0,1,-4.640086e-02,-1.706380e-01,9.842406e-01
0,0,2,-3.100431e-02,1.551589e-01,9.874029e-01
0,0,3,-5.477861e-02,1.289865e-01,9.901322e-01
0,0,4,1.363387e-01,-1.212751e-01,9.832111e-01
0,0,5,-4.570765e-02,-1.904219e-01,9.806377e-01
0,0,6,-1.260756e-02,-2.005425e-01,9.796039e-01
0,0,7,-1.618469e-01,1.469324e-01,9.758158e-01
0,0,8,-2.085267e-01,7.324665e-02,9.752700e-01
0,0,9,5.737089e-02,-1.196974e-01,9.911514e-01
0,1,0,-1.828358e-01,-2.096069e-01,9.605395e-01
0,1,1,-5.512804e-02,-4.289781e-02,9.975574e-01
0,1,2,2.300499e-01,-4.170403e-02,9.722848e-01
0,1,3,1.753161e-01,-7.779191e-03,9.844815e-01
0,1,4,-7.306278e-02,-5.482783e-02,9.958191e-01
0,1,5,-2.954460e-01,-9.627644e-02,9.504959e-01
0,1,6,-9.350645e-02,-2.374878e-01,9.668796e-01
0,1,7,-1.228634e-01,-1.324029e-01,9.835518e-01
0,1,8,-7.853152e-02,-8.721135e-02,9.930896e-01
0,1,9,-8.987199e-02,-7.804623e-02,9.928906e-01
0,2,0,7.762211e-02,-9.253853e-02,9.926789e-01
0,2,1,-1.278353e-01,-1.713077e-01,9.768888e-01
0,2,2,6.823272e-02,-4.307865e-02,9.967389e-01
0,2,3,2.238923e-01,-1.022633e-01,9.692340e-01
0,2,4,1.173989e-01,4.134302e-02,9.922239e-01
0,2,5,-1.885455e-01,1.029690e-01,9.766514e-01
0,2,6,-1.733727e-01,9.783123e-02,9.799852e-01
0,2,7,-1.090218e-01,-1.320901e-01,9.852241e-01
0,2,8,-1.654609e-01,-1.051319e-01,9.805967e-01
0,2,9,-2.085450e-01,1.330132e-01,9.689254e-01
0,3,0,-5.534087e-02,-2.321830e-01,9.710965e-01
0,3,1,2.274589e-02,-1.247995e-01,9.919212e-01
0,3,2,1.548641e-01,-1.899319e-01,9.695066e-01
0,3,3,4.426420e-02,1.340198e-01,9.899896e-01
0,3,4,-1.031305e-01,-3.952434e-04,9.946678e-01
0,3,5,-1.221201e-01,-5.193781e-02,9.911555e-01
0,3,6,-2.270087e-01,-1.072022e-01,9.679746e-01
0,3,7,-1.491173e-01,-9.431332e-02,9.843114e-01
0,3,8,-3.547948e-01,1.146516e-02,9.348739e-01
0,3,9,-5.681040e-02,-1.688944e-01,9.839956e-01
0,4,0,-3.407335e-01,-2.480002e-01,9.068608e-01
0,4,1,-2.579268e-02,-3.935746e-03,9.996596e-01
0,4,2,-1.170781e-01,1.167152e-01,9.862405e-01
0,4,3,-1.925310e-01,8.033815e-02,9.779967e-01
0,4,4,-1.978497e-01,-1.473586e-01,9.690929e-01
0,4,5,-3.373501e-01,-8.001564e-02,9.379725e-01
0,4,6,-1.453778e-01,1.812506e-01,9.726323e-01
0,4,7,-4.024669e-01,1.758868e-01,8.983787e-01
0,4,8,-3.013899e-01,2.954538e-04,9.535009e-01
0,4,9,-3.399595e-01,-8.104654e-02,9.369413e-01
0,5,0,-8.899725e-02,-5.714304e-02,9.943914e-01
0,5,1,-8.885177e-02,-1.319149e-01,9.872709e-01
0,5,2,-1.636476e-01,5.197177e-03,9.865052e-01
0,5,3,-4.841615e-02,3.089813e-02,9.983492e-01
0,5,4,-1.924683e-01,-1.209335e-01,9.738229e-01
0,5,5,-4.587003e-02,1.454895e-01,9.882959e-01
0,5,6,-3.047426e-05,-3.479168e-03,9.999939e-01
0,5,7,-1.127812e-02,7.184028e-02,9.973524e-01
0,5,8,-6.443423e-02,6.249751e-02,9.959630e-01
0,5,9,-9.425654e-02,-2.044996e-01,9.743180e-01
0,6,0,-4.843875e-02,6.554879e-02,9.966730e-01
0,6,1,-2.134925e-01,-1.006567e-01,9.717454e-01
0,6,2,1.445868e-01,1.288676e-01,9.810646e-01
0,6,3,-1.299416e-01,5.284833e-02,9.901122e-01
0,6,4,9.095726e-02,1.841868e-02,9.956845e-01
0,6,5,-1.528182e-03,1.489453e-01,9.888443e-01
0,6,6,-1.176477e-01,-2.029872e-01,9.720881e-01
0,6,7,-2.568854e-01,-4.431613e-02,9.654253e-01
0,6,8,-2.135310e-01,2.752626e-03,9.769324e-01
0,6,9,5.507414e-02,-8.284975e-02,9.950391e-01
0,7,0,-7.740464e-04,-9.004030e-02,9.959378e-01
0,7,1,5.178365e-02,-2.322250e-01,9.712827e-01
0,7,2,-9.515562e-02,1.527957e-01,9.836660e-01
0,7,3,-8.706690e-02,-2.515253e-02,9.958849e-01
0,7,4,-1.018066e-01,1.410460e-01,9.847545e-01
0,7,5,7.481534e-02,-4.998916e-03,9.971849e-01
0,7,6,1.539357e-01,-1.906532e-01,9.695128e-01
0,7,7,-8.007924e-02,5.121564e-02,9.954719e-01
0,7,8,-2.776068e-01,-3.654053e-02,9.599996e-01
0,7,9,-1.406516e-01,-5.498531e-02,9.885311e-01
0,8,0,-9.354139e-02,-6.861154e-02,9.932484e-01
0,8,1,-2.197726e-01,-8.651436e-02,9.717074e-01
0,8,2,-1.449983e-01,-1.820389e-01,9.725417e-01
0,8,3,-6.156320e-02,1.162742e-01,9.913074e-01
0,8,4,-1.697625e-01,-1.791042e-01,9.690730e-01
0,8,5,-1.747597e-01,-1.530691e-01,9.726402e-01
0,8,6,-1.377348e-01,-1.106344e-01,9.842709e-01
0,8,7,4.759933e-02,-1.047902e-01,9.933546e-01
0,8,8,-2.236796e-01,-7.619428e-02,9.716799e-01
0,8,9,-8.345828e-02,5.051556e-02,9.952301e-01
0,9,0,-1.220242e-01,-6.064183e-02,9.906728e-01
0,9,1,-7.531210e-02,-2.288726e-01,9.705387e-01
0,9,2,-9.425250e-02,1.271174e-02,9.954672e-01
0,9,3,-2.233559e-01,-4.628786e-02,9.736373e-01
0,9,4,-1.146127e-01,1.953240e-01,9.740187e-01
0,9,5,-1.315964e-01,-5.774750e-02,9.896199e-01
0,9,6,-3.368686e-02,-8.278572e-02,9.959979e-01
0,9,7,-7.068781e-03,-9.121952e-02,9.958057e-01
0,9,8,-1.287415e-01,5.550130e-02,9.901238e-01
0,9,9,-1.327516e-01,-1.135734e-01,9.846208e-01
1,0,0,-1.350198e-02,2.470516e-01,9.689083e-01
1,0,1,-1.849562e-01,1.602207e-01,9.695981e-01
1,0,2,6.026974e-02,-4.927122e-03,9.981700e-01
1,0,3,2.003579e-01,-1.726017e-01,9.643990e-01
1,0,4,5.873290e-02,-1.105267e-01,9.921362e-01
1,0,5,-1.383470e-01,1.509710e-02,9.902687e-01
1,0,6,-1.441472e-01,1.112335e-02,9.894937e-01
1,0,7,-6.195090e-02,-7.696720e-03,9.980495e-01
1,0,8,6.058107e-02,-5.025814e-02,9.968972e-01
1,0,9,1.957745e-01,-2.598032e-01,9.456081e-01
1,1,0,1.436295e-03,1.728023e-01,9.849555e-01
1,1,1,-6.357923e-02,-1.910982e-02,9.977938e-01
1,1,2,-1.264274e-01,-3.127447e-02,9.914827e-01
1,1,3,-7.732605e-02,-6.761160e-02,9.947107e-01
1,1,4,1.364436e-01,-9.027429e-02,9.865261e-01
1,1,5,-2.558339e-01,-1.406108e-01,9.564401e-01
1,1,6,-1.140960e-01,-1.826588e-01,9.765336e-01
1,1,7,-1.764535e-01,-7.479478e-02,9.814631e-01
1,1,8,-1.565655e-01,-3.084219e-01,9.382767e-01
1,1,9,1.916388e-01,-5.428745e-02,9.799630e-01
1,2,0,5.474752e-02,-2.543182e-02,9.981763e-01
1,2,1,-3.473968e-02,7.566455e-02,9.965280e-01
1,2,2,-1.697896e-01,3.904281e-02,9.847066e-01
1,2,3,2.612783e-01,-3.247770e-02,9.647170e-01
1,2,4,-3.525432e-02,-1.261413e-01,9.913856e-01
1,2,5,-3.030005e-02,-2.245381e-01,9.739941e-01
1,2,6,-1.822137e-01,-7.786686e-02,9.801709e-01
1,2,7,-1.346973e-01,2.752518e-02,9.905044e-01
1,2,8,-2.577339e-01,-3.508994e-01,9.002460e-01
1,2,9,-4.598601e-02,5.199731e-03,9.989286e-01
1,3,0,-5.293430e-02,-1.826946e-01,9.817437e-01
1,3,1,-1.056652e-01,2.126632e-01,9.713955e-01
1,3,2,-1.704833e-01,8.561860e-02,9.816338e-01
1,3,3,-1.315410e-01,3.644859e-02,9.906404e-01
1,3,4,5.517211e-03,1.201426e-01,9.927413e-01
1,3,5,6.435193e-02,-5.874270e-02,9.961968e-01
1,3,6,-8.778084e-02,7.903925e-03,9.961085e-01
1,3,7,-6.234707e-02,2.506471e-01,9.660688e-01
1,3,8,-1.050617e-01,7.314139e-02,9.917723e-01
1,3,9,4.502985e-02,6.198086e-02,9.970610e-01
1,4,0,-1.807772e-01,-4.160244e-02,9.826438e-01
1,4,1,-4.393800e-02,3.983694e-03,9.990263e-01
1,4,2,-2.439775e-01,9.802566e-02,9.648139e-01
1,4,3,-1.491409e-01,1.377574e-01,9.791731e-01
1,4,4,-1.897985e-01,-5.727496e-02,9.801511e-01
1,4,5,-2.096105e-01,7.012720e-02,9.752669e-01
1,4,6,-1.175036e-01,2.016725e-02,9.928677e-01
1,4,7,-1.797100e-01,-2.855066e-02,9.833052e-01
1,4,8,-3.256376e-01,-9.544101e-02,9.406653e-01
1,4,9,1.384600e-02,-1.278626e-02,9.998224e-01
1,5,0,-8.030110e-02,-9.296036e-02,9.924264e-01
1,5,1,-1.323979e-01,-1.583326e-01,9.784690e-01
1,5,2,-2.187328e-01,1.138660e-01,9.691184e-01
1,5,3,-2.608518e-01,-8.600553e-02,9.615401e-01
1,5,4,-7.337024e-02,-1.477809e-01,9.862949e-01
1,5,5,-1.050273e-01,3.233411e-01,9.404360e-01
1,5,6,-3.011731e-03,2.203174e-02,9.997527e-01
1,5,7,-1.137806e-03,-2.369382e-01,9.715241e-01
1,5,8,-1.790054e-01,-2.870932e-02,9.834291e-01
1,5,9,-3.643885e-02,-1.568016e-01,9.869577e-01
1,6,0,-4.781262e-02,-2.025529e-01,9.781034e-01
1,6,1,1.080710e-01,-9.708740e-02,9.893911e-01
1,6,2,9.188897e-03,-2.737803e-03,9.999540e-01
1,6,3,3.439874e-02,-1.450666e-01,9.888238e-01
1,6,4,1.665874e-01,-9.385023e-02,9.815502e-01
1,6,5,-1.865564e-01,-1.247538e-01,9.744913e-01
1,6,6,7.615690e-02,-9.730153e-02,9.923369e-01
1,6,7,1.040715e-01,-5.633925e-02,9.929728e-01
1,6,8,-1.228548e-01,1.704874e-02,9.922782e-01
1,6,9,2.601222e-02,-5.767271e-02,9.979966e-01
1,7,0,3.311012e-02,-1.687691e-01,9.850993e-01
1,7,1,2.280410e-02,-1.484562e-01,9.886560e-01
1,7,2,2.562868e-02,1.598330e-01,9.868113e-01
1,7,3,-1.036822e-01,-1.291796e-01,9.861859e-01
1,7,4,-7.359297e-02,-1.333518e-02,9.971992e-01
1,7,5,-2.306560e-01,-2.780732e-02,9.726379e-01
1,7,6,6.319450e-02,-5.583155e-02,9.964383e-01
1,7,7,-5.575292e-02,-1.256635e-01,9.905051e-01
1,7,8,-8.458338e-02,-9.952091e-02,9.914339e-01
1,7,9,-2.194768e-03,-1.381259e-01,9.904122e-01
1,8,0,2.972161e-02,-5.946589e-02,9.977878e-01
1,8,1,-6.751443e-02,5.815901e-02,9.960218e-01
1,8,2,1.250860e-01,-1.671575e-01,9.779631e-01
1,8,3,9.082046e-02,-3.240775e-02,9.953398e-01
1,8,4,4.598421e-02,-2.079359e-02,9.987257e-01
1,8,5,2.882493e-02,-2.340061e-01,9.718077e-01
1,8,6,-1.443841e-01,-3.008338e-01,9.426835e-01
1,8,7,-1.676494e-01,-1.496961e-01,9.744151e-01
1,8,8,1.265851e-02,-1.627746e-01,9.865821e-01
1,8,9,9.470142e-02,-7.663892e-02,9.925513e-01
1,9,0,-1.099921e-01,-1.428038e-01,9.836203e-01
1,9,1,-1.496003e-01,1.234326e-02,9.886695e-01
1,9,2,-1.917073e-01,-1.148168e-01,9.747130e-01
1,9,3,-1.391506e-01,-5.404699e-02,9.887952e-01
1,9,4,-4.992299e-02,1.622086e-01,9.854928e-01
1,9,5,1.590375e-03,-3.840467e-02,9.992610e-01
1,9,6,-6.929177e-02,-1.874284e-01,9.798312e-01
1,9,7,-5.895633e-02,-7.591366e-02,9.953699e-01
1,9,8,7.578486e-02,6.593899e-04,9.971240e-01
1,9,9,5.038760e-02,-8.925359e-02,9.947336e-01
2,0,0,9.328081e-02,-1.745481e-02,9.954868e-01
2,0,1,1.652528e-01,1.198303e-01,9.789444e-01
2,0,2,3.096199e-01,-1.594388e-01,9.373979e-01
2,0,3,4.253061e-02,1.386078e-01,9.894337e-01
2,0,4,4.704706e-02,-2.698242e-02,9.985282e-01
2,0,5,-1.044247e-01,2.600863e-02,9.941927e-01
2,0,6,1.219795e-02,-1.217071e-01,9.924911e-01
2,0,7,2.692459e-01,-1.533060e-01,9.507912e-01
2,0,8,-2.097110e-02,-1.161817e-01,9.930066e-01
2,0,9,9.962755e-02,-2.145938e-02,9.947934e-01
2,1,0,-2.121909e-02,2.693507e-01,9.628084e-01
2,1,1,2.188365e-01,1.618424e-01,9.622461e-01
2,1,2,2.290405e-01,1.256451e-02,9.733358e-01
2,1,3,-4.452179e-02,-3.918573e-02,9.982396e-01
2,1,4,-4.361028e-02,5.961709e-02,9.972682e-01
2,1,5,-2.353210e-01,3.150306e-03,9.719126e-01
2,1,6,1.201560e-01,-1.996679e-01,9.724686e-01
2,1,7,6.019174e-02,-1.246710e-01,9.903707e-01
2,1,8,2.362685e-02,2.827817e-02,9.993208e-01
2,1,9,8.343996e-02,1.751267e-02,9.963589e-01
2,2,0,-2.691438e-02,6.652710e-02,9.974216e-01
2,2,1,8.205555e-02,-4.677821e-03,9.966168e-01
2,2,2,1.809068e-01,-3.294104e-02,9.829484e-01
2,2,3,9.664043e-04,7.965467e-02,9.968221e-01
2,2,4,1.830168e-02,-1.608673e-01,9.868064e-01
2,2,5,1.467865e-02,-1.629715e-01,9.865216e-01
2,2,6,5.379461e-02,-6.870157e-02,9.961858e-01
2,2,7,2.472129e-02,-1.528526e-01,9.879397e-01
2,2,8,3.997976e-02,-1.963881e-02,9.990075e-01
2,2,9,2.667720e-01,-2.668662e-02,9.633901e-01
2,3,0,-5.926606e-02,2.384051e-02,9.979575e-01
2,3,1,8.889181e-02,1.871465e-03,9.960395e-01
2,3,2,7.794008e-02,-8.011156e-02,9.937341e-01
2,3,3,-6.124156e-02,1.068365e-01,9.923887e-01
2,3,4,-9.426219e-02,-6.570424e-02,9.933769e-01
2,3,5,-8.620115e-02,-1.236892e-01,9.885698e-01
2,3,6,-3.429743e-01,-3.844077e-02,9.385579e-01
2,3,7,-2.874182e-01,3.641966e-02,9.571125e-01
2,3,8,-4.332118e-03,-3.516753e-02,9.993720e-01
2,3,9,1.080812e-01,1.424670e-01,9.838809e-01
2,4,0,-1.368839e-01,-8.605904e-02,9.868418e-01
2,4,1,1.245354e-01,-2.134641e-01,9.689809e-01
2,4,2,-4.621420e-02,-1.472265e-01,9.880226e-01
2,4,3,2.646113e-02,-2.831812e-02,9.992487e-01
2,4,4,-1.482428e-01,2.525882e-02,9.886284e-01
2,4,5,-1.541136e-01,6.572350e-02,9.858648e-01
2,4,6,2.215816e-02,2.338124e-02,9.994810e-01
2,4,7,-2.236174e-01,-1.823941e-02,9.745063e-01
2,4,8,-1.172606e-01,-8.845620e-02,9.891539e-01
2,4,9,-1.546566e-01,-1.330410e-01,9.789696e-01
2,5,0,-4.370662e-02,-1.181974e-02,9.989745e-01
2,5,1,9.394314e-02,-2.601048e-01,9.609996e-01
2,5,2,6.993128e-02,-9.166871e-03,9.975097e-01
2,5,3,-2.313211e-02,4.169649e-02,9.988625e-01
2,5,4,1.772446e-01,7.156301e-03,9.841408e-01
2,5,5,-5.461947e-02,1.857200e-01,9.810835e-01
2,5,6,2.067227e-01,6.273968e-02,9.763859e-01
2,5,7,-1.097394e-01,-4.733313e-01,8.740222e-01
2,5,8,-4.425245e-03,-1.153854e-01,9.933109e-01
2,5,9,-3.646533e-02,-9.858826e-02,9.944600e-01
2,6,0,1.630993e-01,-1.488555e-01,9.753157e-01
2,6,1,7.861469e-02,-1.233140e-01,9.892489e-01
2,6,2,9.218324e-02,1.178805e-01,9.887398e-01
2,6,3,7.312265e-02,6.908832e-02,9.949271e-01
2,6,4,1.264509e-01,2.844997e-02,9.915648e-01
2,6,5,5.903029e-02,-1.293799e-01,9.898365e-01
2,6,6,1.628788e-01,-2.013106e-02,9.864407e-01
2,6,7,-1.141250e-02,-8.873673e-02,9.959897e-01
2,6,8,-1.737984e-01,-1.310729e-01,9.760195e-01
2,6,9,-4.765894e-02,-6.029568e-02,9.970422e-01
2,7,0,3.276369e-01,-3.002966e-01,8.958103e-01
2,7,1,-3.801722e-02,-8.999357e-02,9.952165e-01
2,7,2,1.563385e-01,3.040589e-02,9.872354e-01
2,7,3,-6.812277e-02,1.791517e-01,9.814601e-01
2,7,4,1.317058e-01,1.236490e-02,9.912117e-01
2,7,5,-1.045003e-01,7.050983e-02,9.920222e-01
2,7,6,-1.433493e-02,3.189538e-02,9.993884e-01
2,7,7,-6.400195e-02,-2.200124e-01,9.733952e-01
2,7,8,1.885798e-01,-2.883068e-01,9.387848e-01
2,7,9,3.085204e-01,-3.558061e-02,9.505520e-01
2,8,0,-3.613940e-02,-1.169253e-01,9.924830e-01
2,8,1,-1.177897e-03,-1.230025e-01,9.924057e-01
2,8,2,1.486859e-01,-1.455474e-01,9.781147e-01
2,8,3,2.064118e-01,8.351740e-02,9.748944e-01
2,8,4,3.633849e-01,1.174943e-01,9.242005e-01
2,8,5,-1.901928e-02,-2.261882e-01,9.738979e-01
2,8,6,-4.422772e-02,-1.233054e-01,9.913827e-01
2,8,7,3.491672e-02,-1.196411e-01,9.922030e-01
2,8,8,2.971378e-02,-2.687055e-01,9.627640e-01
2,8,9,5.156091e-02,-1.393126e-01,9.889052e-01
2,9,0,2.814072e-02,-1.103276e-01,9.934968e-01
2,9,1,-2.725968e-02,-6.778496e-02,9.973275e-01
2,9,2,8.770551e-02,-1.124952e-01,9.897740e-01
2,9,3,-1.036083e-01,2.580239e-01,9.605670e-01
2,9,4,2.425887e-02,2.327670e-01,9.722299e-01
2,9,5,4.510046e-02,6.208826e-02,9.970512e-01
2,9,6,1.911011e-01,-1.101216e-01,9.753736e-01
2,9,7,5.964796e-02,-1.500730e-02,9.981067e-01
2,9,8,5.796820e-02,7.226209e-02,9.956997e-01
2,9,9,7.543216e-02,-4.411560e-02,9.961746e-01
3,0,0,6.088034e-02,3.382286e-02,9.975719e-01
3,0,1,-1.666773e-01,-7.582794e-02,9.830915e-01
3,0,2,-4.645678e-02,1.340401e-02,9.988304e-01
3,0,3,1.458594e-01,1.849153e-02,9.891325e-01
3,0,4,2.575453e-01,3.333218e-03,9.662605e-01
3,0,5,-7.343702e-02,1.213751e-03,9.972991e-01
3,0,6,1.591777e-01,-2.051156e-02,9.870368e-01
3,0,7,2.498012e-01,-1.738044e-01,9.525709e-01
3,0,8,-4.332372e-03,-9.963487e-02,9.950146e-01
3,0,9,-1.757237e-01,-1.839774e-01,9.670954e-01
3,1,0,-1.577166e-01,1.884128e-01,9.693431e-01
3,1,1,1.395951e-01,1.951105e-01,9.707961e-01
3,1,2,2.796070e-02,1.456097e-01,9.889469e-01
3,1,3,6.725551e-02,-1.735380e-01,9.825280e-01
3,1,4,2.919916e-03,-4.299016e-02,9.990712e-01
3,1,5,-5.727450e-02,-1.401868e-02,9.982600e-01
3,1,6,3.764045e-02,-2.531748e-02,9.989706e-01
3,1,7,-7.643040e-02,4.379634e-02,9.961126e-01
3,1,8,2.572682e-01,1.586216e-02,9.662099e-01
3,1,9,-1.469607e-02,2.023199e-01,9.792092e-01
3,2,0,-1.631956e-01,-1.496083e-01,9.751844e-01
3,2,1,1.592340e-01,-1.002654e-01,9.821361e-01
3,2,2,-6.362108e-03,6.808872e-02,9.976590e-01
3,2,3,1.350072e-01,1.050018e-02,9.907890e-01
3,2,4,-5.378887e-02,-2.292870e-02,9.982891e-01
3,2,5,-3.814828e-02,-7.615883e-02,9.963657e-01
3,2,6,1.627748e-01,4.986268e-02,9.854025e-01
3,2,7,3.745995e-02,-3.323190e-02,9.987454e-01
3,2,8,2.697930e-01,-6.794553e-02,9.605182e-01
3,2,9,1.943765e-01,-2.826523e-02,9.805197e-01
3,3,0,4.521388e-02,1.107045e-01,9.928244e-01
3,3,1,-1.529337e-02,9.873375e-02,9.949964e-01
3,3,2,7.789580e-02,-7.111424e-02,9.944219e-01
3,3,3,-1.123936e-01,1.325874e-01,9.847783e-01
3,3,4,-1.472969e-01,2.348195e-02,9.888135e-01
3,3,5,-3.832509e-01,-5.315787e-02,9.221133e-01
3,3,6,-9.783906e-02,1.047759e-01,9.896714e-01
3,3,7,-7.344061e-02,-1.231960e-01,9.896612e-01
3,3,8,-1.212124e-01,-2.049551e-01,9.712368e-01
3,3,9,-6.142797e-02,-2.545041e-02,9.977870e-01
3,4,0,6.476395e-02,1.000461e-01,9.928728e-01
3,4,1,1.260205e-01,-3.250771e-02,9.914949e-01
3,4,2,-1.814829e-04,-1.316617e-01,9.912947e-01
3,4,3,-4.101216e-02,2.012659e-01,9.786777e-01
3,4,4,-2.335650e-01,7.318889e-02,9.695828e-01
3,4,5,-2.869728e-01,6.596510e-02,9.556648e-01
3,4,6,1.089674e-01,-2.274920e-01,9.676639e-01
3,4,7,-7.886798e-02,-1.863184e-01,9.793188e-01
3,4,8,5.033734e-02,-1.188266e-01,9.916382e-01
3,4,9,-4.692160e-02,-1.415334e-01,9.888209e-01
3,5,0,-1.061786e-01,-1.149737e-01,9.876777e-01
3,5,1,1.339745e-01,-1.199170e-01,9.837026e-01
3,5,2,-2.041263e-02,-1.502999e-02,9.996787e-01
3,5,3,-5.002647e-02,-1.166542e-01,9.919119e-01
3,5,4,6.435726e-02,-2.433933e-01,9.677902e-01
3,5,5,2.424799e-03,-5.857769e-02,9.982799e-01
3,5,6,2.042770e-01,-6.586366e-02,9.766949e-01
3,5,7,8.396515e-02,-1.235128e-01,9.887843e-01
3,5,8,2.651084e-01,-1.470329e-01,9.529422e-01
3,5,9,-4.064319e-02,-1.381911e-01,9.895713e-01
3,6,0,2.768514e-01,-2.533686e-01,9.269076e-01
3,6,1,2.109002e-01,-6.283160e-02,9.754862e-01
3,6,2,7.877447e-02,1.181929e-01,9.898611e-01
3,6,3,7.750149e-02,-3.949241e-04,9.969922e-01
3,6,4,-9.550621e-02,-2.362430e-01,9.669890e-01
3,6,5,-1.120313e-01,-7.318563e-02,9.910060e-01
3,6,6,-2.767916e-02,-3.414089e-02,9.990337e-01
3,6,7,-1.013162e-01,-5.215972e-02,9.934860e-01
3,6,8,1.275523e-02,-2.046976e-01,9.787421e-01
3,6,9,4.650483e-02,6.488279e-03,9.988970e-01
3,7,0,2.144357e-01,-3.811632e-02,9.759941e-01
3,7,1,-2.187672e-03,9.130108e-02,9.958209e-01
3,7,2,2.285835e-01,-2.346221e-02,9.732416e-01
3,7,3,2.277773e-01,4.158719e-02,9.728248e-01
3,7,4,1.033389e-01,8.054230e-02,9.913799e-01
3,7,5,1.090479e-01,7.643282e-02,9.910936e-01
3,7,6,-2.702797e-01,-9.187822e-02,9.583879e-01
3,7,7,-1.311008e-01,-2.022386e-01,9.705216e-01
3,7,8,-5.758667e-03,-1.149021e-01,9.933601e-01
3,7,9,-1.691436e-01,8.134933e-02,9.822284e-01
3,8,0,4.454614e-02,-4.199976e-02,9.981241e-01
3,8,1,-1.788145e-01,5.844298e-02,9.821455e-01
3,8,2,-2.657411e-02,-1.633634e-01,9.862080e-01
3,8,3,2.122205e-02,4.819281e-03,9.997632e-01
3,8,4,2.491152e-02,-6.276923e-02,9.977171e-01
3,8,5,3.989761e-02,7.733327e-02,9.962067e-01
3,8,6,-7.812070e-02,5.938977e-02,9.951734e-01
3,8,7,-1.103677e-01,-2.242783e-02,9.936377e-01
3,8,8,4.614214e-02,-7.180056e-02,9.963511e-01
3,8,9,1.138270e-01,-1.411133e-01,9.834279e-01
3,9,0,-8.647826e-02,-1.093282e-01,9.902368e-01
3,9,1,-2.131889e-01,-1.583975e-01,9.640854e-01
3,9,2,-1.105967e-01,-2.402832e-01,9.643819e-01
3,9,3,-7.562511e-02,8.018849e-02,9.939068e-01
3,9,4,1.943736e-01,1.171085e-01,9.739120e-01
3,9,5,1.704384e-01,4.611996e-02,9.842884e-01
3,9,6,9.360974e-02,-8.281118e-02,9.921590e-01
3,9,7,9.310846e-02,-1.775678e-01,9.796941e-01
3,9,8,3.445760e-02,-3.014744e-01,9.528514e-01
3,9,9,-8.355437e-02,-5.595119e-02,9.949312e-01
4,0,0,-5.534991e-02,1.746602e-02,9.983142e-01
4,0,1,-9.740043e-02,-4.162620e-02,9.943744e-01
4,0,2,1.433050e-02,9.351417e-03,9.998536e-01
4,0,3,-7.734326e-02,-2.825644e-03,9.970005e-01
4,0,4,9.069704e-02,1.793123e-02,9.957171e-01
4,0,5,2.031769e-02,-1.335547e-02,9.997044e-01
4,0,6,-8.484448e-02,5.729599e-02,9.947455e-01
4,0,7,-7.596820e-02,-6.266034e-02,9.951394e-01
4,0,8,-1.166940e-01,-3.331410e-02,9.926090e-01
4,0,9,-1.292932e-01,-3.639924e-02,9.909381e-01
4,1,0,-5.816496e-03,-3.283860e-02,9.994437e-01
4,1,1,-3.544004e-02,-5.807907e-02,9.976827e-01
4,1,2,-4.967131e-02,5.838055e-02,9.970579e-01
4,1,3,-5.865517e-02,5.361236e-02,9.968376e-01
4,1,4,5.524048e-02,5.931663e-02,9.967096e-01
4,1,5,5.272936e-02,1.182671e-01,9.915808e-01
4,1,6,3.394074e-02,1.095012e-01,9.934070e-01
4,1,7,-1.439108e-01,-1.453655e-01,9.788557e-01
4,1,8,-2.923396e-02,2.470475e-02,9.992673e-01
4,1,9,-6.424960e-02,-8.145929e-03,9.979006e-01
4,2,0,1.138945e-01,1.548633e-02,9.933721e-01
4,2,1,-1.307224e-02,-1.427379e-01,9.896742e-01
4,2,2,5.673041e-02,-3.115394e-02,9.979033e-01
4,2,3,-1.286464e-01,2.301019e-01,9.646259e-01
4,2,4,6.218535e-04,-1.182761e-01,9.929806e-01
4,2,5,-5.406501e-02,-2.043151e-02,9.983284e-01
4,2,6,6.767359e-02,1.964310e-02,9.975141e-01
4,2,7,1.212296e-01,-1.191545e-01,9.854469e-01
4,2,8,5.958819e-02,-3.509454e-02,9.976059e-01
4,2,9,2.444581e-01,6.546511e-03,9.696378e-01
4,3,0,2.767278e-01,2.267388e-01,9.338154e-01
4,3,1,5.436834e-02,1.259235e-01,9.905490e-01
4,3,2,-6.735985e-03,9.760419e-02,9.952025e-01
4,3,3,-1.417165e-01,9.676290e-02,9.851667e-01
4,3,4,-6.825880e-02,2.675243e-02,9.973089e-01
4,3,5,-1.964143e-01,-1.056812e-01,9.748092e-01
4,3,6,-1.619964e-01,-2.750100e-01,9.476955e-01
4,3,7,-4.571348e-02,-2.974710e-01,9.536358e-01
4,3,8,-1.192407e-01,-2.627490e-01,9.574678e-01
4,3,9,1.214195e-01,-1.578973e-01,9.799621e-01
4,4,0,3.393736e-01,1.643659e-03,9.406502e-01
4,4,1,-5.405375e-03,1.854303e-02,9.998135e-01
4,4,2,3.963733e-02,-1.174690e-01,9.922852e-01
4,4,3,-1.671312e-01,2.187504e-02,9.856920e-01
4,4,4,-1.774507e-01,6.146143e-02,9.822086e-01
4,4,5,-9.387472e-02,-9.002111e-02,9.915058e-01
4,4,6,2.063900e-01,-1.749956e-01,9.626940e-01
4,4,7,7.317187e-02,-2.543565e-01,9.643384e-01
4,4,8,7.867122e-02,-1.907447e-01,9.784821e-01
4,4,9,2.008584e-01,-1.197385e-01,9.722749e-01
4,5,0,-1.507893e-02,-1.957828e-01,9.805314e-01
4,5,1,1.532460e-01,3.442873e-02,9.875881e-01
4,5,2,-5.222968e-02,1.923283e-02,9.984499e-01
4,5,3,6.149018e-02,-1.070751e-01,9.923477e-01
4,5,4,1.851985e-01,-1.411471e-01,9.725117e-01
4,5,5,1.454198e-01,-1.791610e-01,9.730131e-01
4,5,6,5.644351e-02,-1.482366e-01,9.873399e-01
4,5,7,1.213574e-01,-2.531128e-01,9.597949e-01
4,5,8,8.253865e-03,-2.595866e-01,9.656846e-01
4,5,9,1.333802e-01,-1.365753e-01,9.816093e-01
4,6,0,1.136728e-01,-1.864882e-01,9.758589e-01
4,6,1,2.381571e-01,3.588004e-02,9.705637e-01
4,6,2,1.483138e-01,-7.515545e-02,9.860805e-01
4,6,3,-1.121144e-01,1.353605e-02,9.936031e-01
4,6,4,-1.117356e-01,-1.575017e-01,9.811770e-01
4,6,5,-5.114742e-02,-9.113748e-02,9.945240e-01
4,6,6,1.258981e-01,-2.396294e-01,9.626668e-01
4,6,7,1.260988e-01,-5.756247e-02,9.903462e-01
4,6,8,-2.690940e-02,-1.341977e-01,9.905891e-01
4,6,9,6.653650e-02,-2.586108e-01,9.636874e-01
4,7,0,4.719464e-02,-4.089329e-02,9.980483e-01
4,7,1,-2.562381e-02,5.860712e-02,9.979522e-01
4,7,2,2.285670e-01,1.035592e-01,9.680044e-01
4,7,3,2.633956e-01,1.437507e-01,9.539174e-01
4,7,4,-1.077443e-01,-6.807165e-02,9.918455e-01
4,7,5,-1.038063e-01,-1.968866e-01,9.749153e-01
4,7,6,-1.041657e-01,-4.621373e-02,9.934857e-01
4,7,7,1.815896e-02,-8.820783e-02,9.959366e-01
4,7,8,-1.768374e-02,-1.583976e-01,9.872170e-01
4,7,9,7.248551e-02,-4.870177e-02,9.961797e-01
4,8,0,-1.388454e-01,-4.268990e-02,9.893935e-01
4,8,1,-2.112778e-01,-9.672638e-02,9.726282e-01
4,8,2,-1.288733e-01,1.594760e-01,9.787538e-01
4,8,3,1.143179e-01,-5.214060e-03,9.934305e-01
4,8,4,-1.257578e-01,-3.325936e-02,9.915033e-01
4,8,5,-1.716714e-01,-1.200660e-01,9.778104e-01
4,8,6,4.841437e-02,-1.097458e-01,9.927799e-01
4,8,7,-8.171978e-02,-1.637262e-01,9.831153e-01
4,8,8,-8.148191e-02,-1.782897e-01,9.805985e-01
4,8,9,-1.306479e-01,-1.519109e-01,9.797215e-01
4,9,0,1.747418e-03,9.507301e-02,9.954688e-01
4,9,1,-2.103575e-01,-8.339520e-02,9.740611e-01
4,9,2,3.178629e-02,-1.618319e-01,9.863063e-01
4,9,3,1.184953e-01,3.685369e-02,9.922705e-01
4,9,4,4.478038e-02,-1.421748e-01,9.888281e-01
4,9,5,5.920381e-02,-5.090488e-02,9.969471e-01
4,9,6,-1.378000e-01,1.502352e-01,9.789998e-01
4,9,7,-4.608027e-02,-7.902114e-02,9.958073e-01
4,9,8,-1.480939e-01,-5.357908e-02,9.875209e-01
4,9,9,-1.727737e-01,2.271642e-01,9.584079e-01
5,0,0,1.101988e-01,-1.622467e-01,9.805775e-01
5,0,1,-2.925353e-01,-2.650360e-01,9.187922e-01
5,0,2,-1.405170e-03,-8.996540e-02,9.959439e-01
5,0,3,-1.678510e-01,-7.581589e-02,9.828927e-01
5,0,4,6.513341e-02,-1.865673e-01,9.802807e-01
5,0,5,-5.929129e-03,-1.212129e-01,9.926088e-01
5,0,6,5.763182e-02,3.936198e-02,9.975616e-01
5,0,7,-5.106566e-02,-4.371113e-02,9.977383e-01
5,0,8,-1.341280e-01,-1.703047e-02,9.908177e-01
5,0,9,-1.531863e-02,8.893695e-02,9.959195e-01
5,1,0,-5.842634e-02,2.641898e-01,9.626994e-01
5,1,1,-7.832817e-02,-7.298056e-02,9.942528e-01
5,1,2,-8.273684e-03,9.958812e-02,9.949943e-01
5,1,3,-2.204920e-01,1.677519e-01,9.608551e-01
5,1,4,6.228197e-02,-1.879541e-01,9.802011e-01
5,1,5,-5.823283e-02,4.580525e-02,9.972516e-01
5,1,6,-1.269371e-01,-2.668963e-02,9.915516e-01
5,1,7,-6.602632e-02,-3.309868e-02,9.972688e-01
5,1,8,-3.455655e-02,8.939717e-02,9.953964e-01
5,1,9,-1.110601e-02,4.838046e-02,9.987672e-01
5,2,0,1.209806e-01,-6.889573e-02,9.902611e-01
5,2,1,-5.458559e-02,-1.473922e-02,9.984003e-01
5,2,2,-1.773985e-02,-5.770945e-02,9.981758e-01
5,2,3,-1.530586e-01,5.905500e-02,9.864510e-01
5,2,4,-3.863340e-03,-3.762050e-02,9.992846e-01
5,2,5,-2.581891e-01,1.993818e-01,9.452964e-01
5,2,6,-1.005056e-01,1.771120e-01,9.790454e-01
5,2,7,-1.160319e-01,1.682098e-02,9.931030e-01
5,2,8,-7.353532e-02,-1.228789e-01,9.896936e-01
5,2,9,-6.207013e-02,-1.518769e-01,9.864485e-01
5,3,0,-6.570660e-02,9.383449e-02,9.934172e-01
5,3,1,1.338450e-01,7.925153e-02,9.878283e-01
5,3,2,-8.003327e-02,3.558588e-02,9.961568e-01
5,3,3,-2.485747e-01,2.514033e-02,9.682864e-01
5,3,4,-4.280239e-03,1.409778e-02,9.998915e-01
5,3,5,-2.152553e-01,1.461037e-01,9.655666e-01
5,3,6,-1.322308e-01,-9.588100e-02,9.865708e-01
5,3,7,-1.327030e-01,-1.484876e-01,9.799701e-01
5,3,8,-7.780031e-02,-1.089602e-01,9.909969e-01
5,3,9,8.503171e-02,-2.784408e-01,9.566819e-01
5,4,0,-7.978943e-02,2.374083e-01,9.681275e-01
5,4,1,-9.732014e-02,1.800638e-01,9.788288e-01
5,4,2,-4.500217e-02,-2.359602e-01,9.707201e-01
5,4,3,-1.192363e-01,-1.722140e-01,9.778165e-01
5,4,4,6.448686e-02,-1.188152e-01,9.908201e-01
5,4,5,-8.762761e-02,-3.585949e-02,9.955077e-01
5,4,6,-1.846179e-01,-3.264873e-02,9.822679e-01
5,4,7,-1.471638e-02,-7.980132e-02,9.967022e-01
5,4,8,1.842142e-01,-1.208036e-01,9.754341e-01
5,4,9,9.829723e-02,-2.864156e-02,9.947448e-01
5,5,0,-4.160566e-02,5.110219e-02,9.978264e-01
5,5,1,2.759479e-01,2.059412e-01,9.388509e-01
5,5,2,-1.059403e-01,-8.703627e-02,9.905561e-01
5,5,3,-5.391946e-02,-1.659048e-01,9.846666e-01
5,5,4,-1.005994e-01,4.121890e-02,9.940728e-01
5,5,5,-2.802287e-03,1.189912e-02,9.999253e-01
5,5,6,7.680979e-02,-1.291562e-01,9.886450e-01
5,5,7,-1.156058e-01,1.597599e-01,9.803632e-01
5,5,8,2.039838e-01,4.134423e-02,9.781009e-01
5,5,9,1.233870e-01,9.154382e-02,9.881272e-01
5,6,0,8.021000e-02,9.390367e-04,9.967775e-01
5,6,1,1.965234e-02,2.980605e-01,9.543446e-01
5,6,2,-8.128678e-02,-7.015132e-02,9.942189e-01
5,6,3,-4.724241e-02,-1.008997e-01,9.937743e-01
5,6,4,-1.410100e-01,-7.055339e-02,9.874910e-01
5,6,5,-1.633008e-01,-1.998603e-02,9.863739e-01
5,6,6,4.528659e-02,-1.591207e-02,9.988473e-01
5,6,7,9.278596e-02,6.707282e-02,9.934244e-01
5,6,8,5.179241e-02,-1.455846e-01,9.879892e-01
5,6,9,2.226353e-01,5.181813e-02,9.735237e-01
5,7,0,-4.354696e-02,-4.979460e-03,9.990390e-01
5,7,1,-2.619974e-01,2.444362e-01,9.335996e-01
5,7,2,-2.020562e-01,3.031002e-02,9.789048e-01
5,7,3,-1.655247e-01,-2.682376e-02,9.858408e-01
5,7,4,1.598246e-01,8.729324e-02,9.832782e-01
5,7,5,-1.038955e-01,5.152097e-03,9.945749e-01
5,7,6,-8.759415e-02,4.682171e-02,9.950553e-01
5,7,7,-1.685843e-01,-5.028920e-02,9.844035e-01
5,7,8,-1.668525e-01,1.378414e-01,9.762991e-01
5,7,9,3.193770e-02,-1.464776e-01,9.886983e-01
5,8,0,1.626821e-01,-1.778183e-01,9.705231e-01
5,8,1,1.610623e-01,-1.540427e-01,9.748486e-01
5,8,2,-1.713174e-01,3.899935e-02,9.844437e-01
5,8,3,-6.212758e-02,-2.163054e-01,9.743470e-01
5,8,4,-7.504476e-03,5.990955e-02,9.981756e-01
5,8,5,8.762484e-03,-6.840240e-02,9.976193e-01
5,8,6,-1.316933e-01,-5.028555e-03,9.912778e-01
5,8,7,-2.641133e-02,-2.347112e-01,9.717063e-01
5,8,8,1.108754e-02,2.919987e-02,9.995121e-01
5,8,9,2.280010e-03,-9.013499e-02,9.959269e-01
5,9,0,-1.995067e-01,5.642564e-02,9.782705e-01
5,9,1,-1.433340e-01,-4.929798e-02,9.884458e-01
5,9,2,-9.789849e-02,-2.606530e-02,9.948550e-01
5,9,3,6.767027e-02,-1.114719e-01,9.914609e-01
5,9,4,3.446116e-02,-1.255250e-01,9.914918e-01
5,9,5,1.634120e-03,-1.468552e-02,9.998908e-01
5,9,6,1.271516e-01,-1.238696e-01,9.841183e-01
5,9,7,-1.353574e-01,-9.636862e-02,9.860991e-01
5,9,8,-1.896227e-01,-1.922978e-01,9.628420e-01
5,9,9,-6.855961e-03,1.046739e-01,9.944830e-01
6,0,0,2.288142e-01,-8.630300e-02,9.696370e-01
6,0,1,-2.026638e-02,5.739474e-02,9.981458e-01
6,0,2,-6.276107e-02,8.442962e-02,9.944509e-01
6,0,3,-1.064980e-02,-4.911367e-02,9.987364e-01
6,0,4,1.372204e-01,-1.166724e-01,9.836453e-01
6,0,5,-5.308954e-02,-1.324264e-01,9.897700e-01
6,0,6,-1.446578e-02,-1.752529e-01,9.844172e-01
6,0,7,-3.063178e-01,1.180589e-01,9.445801e-01
6,0,8,-1.809481e-01,7.617291e-02,9.805384e-01
6,0,9,-2.635723e-01,1.398549e-01,9.544476e-01
6,1,0,3.715010e-02,4.540766e-02,9.982775e-01
6,1,1,-7.473336e-03,3.143207e-02,9.994780e-01
6,1,2,6.783092e-02,7.383301e-02,9.949611e-01
6,1,3,2.020384e-01,-1.822874e-01,9.622639e-01
6,1,4,-1.267565e-01,-8.875502e-02,9.879551e-01
6,1,5,1.011379e-01,-1.195736e-02,9.948006e-01
6,1,6,-2.234575e-01,1.167205e-01,9.676999e-01
6,1,7,1.655681e-02,1.511377e-01,9.883741e-01
6,1,8,1.219084e-01,8.631981e-02,9.887807e-01
6,1,9,3.005711e-02,-2.329463e-01,9.720250e-01
6,2,0,-8.272776e-02,-9.634724e-02,9.919039e-01
6,2,1,3.531770e-02,1.272584e-01,9.912406e-01
6,2,2,-1.821764e-01,1.491533e-01,9.718874e-01
6,2,3,-5.156065e-02,2.629125e-01,9.634410e-01
6,2,4,9.036446e-02,1.899929e-01,9.776180e-01
6,2,5,-1.614026e-01,3.128005e-02,9.863928e-01
6,2,6,-1.762064e-01,-5.995405e-02,9.825257e-01
6,2,7,-7.802521e-02,5.097042e-02,9.956476e-01
6,2,8,2.545904e-03,-9.028488e-02,9.959127e-01
6,2,9,-8.599282e-02,-1.523589e-01,9.845771e-01
6,3,0,-8.988682e-02,-1.559844e-01,9.836611e-01
6,3,1,1.887158e-01,9.384329e-02,9.775376e-01
6,3,2,-1.978101e-02,-7.134251e-02,9.972557e-01
6,3,3,-8.785895e-02,3.015153e-01,9.494047e-01
6,3,4,-1.068311e-02,1.530142e-01,9.881662e-01
6,3,5,2.684399e-02,1.284644e-02,9.995571e-01
6,3,6,5.795517e-03,9.144972e-02,9.957928e-01
6,3,7,6.792401e-02,-2.324566e-02,9.974197e-01
6,3,8,-1.305947e-01,8.941425e-02,9.873956e-01
6,3,9,-3.570729e-02,-1.102191e-01,9.932657e-01
6,4,0,-7.144690e-02,1.618257e-01,9.842295e-01
6,4,1,1.371406e-01,-5.907636e-02,9.887884e-01
6,4,2,2.278845e-01,-2.966740e-02,9.732361e-01
6,4,3,6.807190e-02,-1.430128e-01,9.873771e-01
6,4,4,6.762183e-02,-5.906041e-02,9.959614e-01
6,4,5,4.708730e-02,-8.568965e-03,9.988540e-01
6,4,6,-5.182940e-02,-6.141844e-02,9.967655e-01
6,4,7,-2.066457e-01,-1.494297e-03,9.784147e-01
6,4,8,1.287242e-01,1.463029e-01,9.808290e-01
6,4,9,1.256616e-01,5.383801e-02,9.906112e-01
6,5,0,3.196710e-04,-1.091366e-01,9.940267e-01
6,5,1,3.526556e-01,1.252137e-02,9.356694e-01
6,5,2,-4.197251e-02,-1.718393e-01,9.842304e-01
6,5,3,-8.319547e-02,-1.355516e-01,9.872711e-01
6,5,4,-2.613170e-01,1.087517e-01,9.591071e-01
6,5,5,-2.187308e-01,4.357179e-02,9.748119e-01
6,5,6,-2.811638e-02,-3.957535e-02,9.988209e-01
6,5,7,-2.047820e-01,2.804703e-02,9.784057e-01
6,5,8,-3.390615e-02,-3.504552e-01,9.359656e-01
6,5,9,-1.744950e-01,3.232650e-02,9.841273e-01
6,6,0,-2.129059e-01,-2.253423e-01,9.507323e-01
6,6,1,1.628226e-01,1.414118e-02,9.865540e-01
6,6,2,1.077924e-02,-3.122274e-02,9.994543e-01
6,6,3,-2.314256e-01,-2.121799e-01,9.494324e-01
6,6,4,-1.846510e-01,-2.882033e-02,9.823815e-01
6,6,5,-1.000983e-01,9.170120e-03,9.949353e-01
6,6,6,7.986696e-02,1.548433e-01,9.847055e-01
6,6,7,1.451414e-02,1.837246e-01,9.828706e-01
6,6,8,-2.293580e-02,-1.952322e-01,9.804888e-01
6,6,9,-1.710397e-01,-3.392956e-01,9.249994e-01
6,7,0,-1.121059e-01,-2.299072e-01,9.667342e-01
6,7,1,-1.393360e-01,5.546733e-02,9.886905e-01
6,7,2,-1.141793e-01,-4.866681e-02,9.922674e-01
6,7,3,-2.023794e-01,1.604243e-01,9.660780e-01
6,7,4,-2.107930e-01,5.247661e-02,9.761212e-01
6,7,5,-1.540336e-01,1.199595e-01,9.807565e-01
6,7,6,-8.575362e-02,-9.741450e-02,9.915426e-01
6,7,7,4.251836e-02,-1.197855e-02,9.990239e-01
6,7,8,1.484280e-01,-5.693433e-02,9.872829e-01
6,7,9,-1.120246e-01,-2.523268e-02,9.933850e-01
6,8,0,1.825329e-01,-5.958294e-02,9.813927e-01
6,8,1,-4.494570e-02,-2.535983e-02,9.986675e-01
6,8,2,-2.140922e-02,-2.238650e-01,9.743850e-01
6,8,3,-1.538114e-02,1.063218e-02,9.998252e-01
6,8,4,1.384131e-01,-3.561782e-02,9.897339e-01
6,8,5,1.599489e-01,-6.934118e-02,9.846868e-01
6,8,6,-2.458328e-01,-6.719625e-02,9.669803e-01
6,8,7,5.562805e-02,-5.955138e-02,9.966740e-01
6,8,8,2.028551e-01,-2.076763e-02,9.789885e-01
6,8,9,2.262991e-03,-1.584858e-01,9.873587e-01
6,9,0,2.307133e-01,1.081480e-01,9.669930e-01
6,9,1,7.955807e-02,7.694084e-02,9.938564e-01
6,9,2,-9.282499e-02,-1.718509e-01,9.807399e-01
6,9,3,1.934133e-01,-1.418181e-01,9.708135e-01
6,9,4,-7.963959e-02,-1.162876e-01,9.900175e-01
6,9,5,3.333985e-02,1.621518e-01,9.862024e-01
6,9,6,-6.156767e-02,1.507740e-01,9.866492e-01
6,9,7,-6.242269e-03,-1.690132e-01,9.855940e-01
6,9,8,-8.746313e-02,-1.005109e-01,9.910841e-01
6,9,9,-1.309450e-01,8.911870e-02,9.873760e-01
7,0,0,-5.814322e-03,1.684868e-01,9.856868e-01
7,0,1,-1.038752e-01,1.724547e-01,9.795251e-01
7,0,2,-2.131835e-01,-1.695253e-02,9.768651e-01
7,0,3,-1.496021e-01,-1.684679e-01,9.742883e-01
7,0,4,-2.320678e-01,-2.101948e-01,9.497172e-01
7,0,5,-1.967822e-01,-1.845608e-01,9.629196e-01
7,0,6,5.451531e-02,-2.334629e-01,9.708363e-01
7,0,7,-2.565824e-01,2.253930e-01,9.398742e-01
7,0,8,-9.224515e-02,2.925795e-01,9.517815e-01
7,0,9,-1.971872e-01,-6.400807e-02,9.782741e-01
7,1,0,4.712188e-02,-9.930407e-02,9.939408e-01
7,1,1,-3.790844e-02,4.831703e-02,9.981124e-01
7,1,2,3.426586e-02,5.674244e-02,9.978007e-01
7,1,3,-1.984837e-02,-4.967551e-02,9.985682e-01
7,1,4,-1.690039e-01,9.809165e-03,9.855666e-01
7,1,5,-2.889611e-03,2.124806e-02,9.997701e-01
7,1,6,-2.070887e-01,-1.601778e-01,9.651204e-01
7,1,7,-2.185935e-01,1.385912e-01,9.659241e-01
7,1,8,1.878100e-01,1.443620e-01,9.715385e-01
7,1,9,-2.186531e-01,3.373638e-03,9.757968e-01
7,2,0,3.813651e-02,-2.217112e-01,9.743663e-01
7,2,1,-3.775198e-02,-2.383430e-02,9.990029e-01
7,2,2,-1.490787e-01,3.109806e-02,9.883362e-01
7,2,3,-3.822524e-02,3.345401e-02,9.987090e-01
7,2,4,-6.186057e-02,9.079971e-02,9.939460e-01
7,2,5,-2.472904e-01,-1.160553e-01,9.619660e-01
7,2,6,-3.395641e-01,1.012828e-01,9.351139e-01
7,2,7,-2.124676e-01,3.113947e-01,9.262240e-01
7,2,8,-1.069935e-02,-1.372254e-02,9.998486e-01
7,2,9,-1.626443e-01,-2.947371e-02,9.862445e-01
7,3,0,-1.170466e-01,1.602357e-02,9.929972e-01
7,3,1,2.360776e-01,-2.616779e-02,9.713818e-01
7,3,2,-1.078801e-01,2.669230e-02,9.938055e-01
7,3,3,-7.589396e-02,4.975397e-02,9.958738e-01
7,3,4,-1.090199e-01,1.815080e-01,9.773277e-01
7,3,5,-1.396837e-01,-5.602042e-02,9.886102e-01
7,3,6,-1.542610e-01,9.382505e-02,9.835651e-01
7,3,7,9.628078e-02,2.412326e-01,9.656795e-01
7,3,8,-9.381432e-02,-1.226779e-01,9.880025e-01
7,3,9,-4.658506e-02,-2.124808e-01,9.760542e-01
7,4,0,-6.398595e-02,4.542820e-02,9.969163e-01
7,4,1,5.280731e-02,-5.146454e-02,9.972777e-01
7,4,2,-4.105329e-02,-6.686525e-02,9.969171e-01
7,4,3,1.108771e-01,-1.050225e-01,9.882695e-01
7,4,4,1.536529e-01,5.146735e-02,9.867836e-01
7,4,5,1.586166e-01,6.240706e-02,9.853660e-01
7,4,6,-1.261277e-01,8.179280e-02,9.886363e-01
7,4,7,-3.987829e-03,1.865697e-01,9.824336e-01
7,4,8,2.095534e-01,7.660074e-02,9.747921e-01
7,4,9,-1.218750e-01,3.295841e-02,9.919981e-01
7,5,0,-1.190404e-01,1.470999e-02,9.927804e-01
7,5,1,-2.587435e-02,-2.121642e-01,9.768914e-01
7,5,2,-7.198368e-02,-4.779722e-04,9.974057e-01
7,5,3,1.367842e-01,-1.878139e-01,9.726336e-01
7,5,4,-3.337471e-01,-1.337547e-01,9.331252e-01
7,5,5,-3.756602e-02,1.341667e-01,9.902465e-01
7,5,6,1.022021e-02,2.941140e-02,9.995151e-01
7,5,7,-1.386583e-01,-7.072134e-02,9.878119e-01
7,5,8,-2.668577e-01,-1.113946e-01,9.572765e-01
7,5,9,-2.635798e-02,1.532749e-02,9.995351e-01
7,6,0,-1.443828e-01,-1.694257e-01,9.749095e-01
7,6,1,9.163762e-02,-5.112821e-02,9.944790e-01
7,6,2,-8.854569e-02,-3.311241e-01,9.394235e-01
7,6,3,-5.326317e-02,-8.655938e-02,9.948218e-01
7,6,4,-6.088699e-02,-1.589739e-02,9.980181e-01
7,6,5,-1.091255e-01,-7.091433e-02,9.914952e-01
7,6,6,-3.482850e-02,1.192840e-01,9.922491e-01
7,6,7,-8.140025e-03,-6.578033e-03,9.999452e-01
7,6,8,-1.135040e-01,-9.899349e-02,9.885935e-01
7,6,9,-1.578246e-01,-1.461131e-01,9.765973e-01
7,7,0,-2.878331e-01,-1.906317e-01,9.385157e-01
7,7,1,-1.786971e-01,-1.301616e-01,9.752565e-01
7,7,2,-1.261925e-01,-2.464852e-01,9.608957e-01
7,7,3,-1.926012e-01,-7.017979e-02,9.787643e-01
7,7,4,-3.479561e-01,1.187115e-02,9.374357e-01
7,7,5,-1.453230e-01,5.438088e-02,9.878886e-01
7,7,6,1.886778e-01,6.246828e-02,9.800502e-01
7,7,7,1.345166e-01,-1.260773e-01,9.828580e-01
7,7,8,-1.353688e-01,-7.486429e-02,9.879629e-01
7,7,9,-2.735756e-01,1.553414e-01,9.492236e-01
7,8,0,-1.249370e-03,4.235856e-02,9.991017e-01
7,8,1,-1.570438e-01,-2.789022e-02,9.871977e-01
7,8,2,-1.407497e-01,-1.165784e-01,9.831577e-01
7,8,3,-1.151076e-01,-1.275623e-01,9.851285e-01
7,8,4,-1.404423e-01,7.611275e-02,9.871590e-01
7,8,5,-7.990641e-02,-1.470123e-01,9.859018e-01
7,8,6,-5.751257e-03,-2.160158e-01,9.763729e-01
7,8,7,3.223672e-02,6.977452e-02,9.970418e-01
7,8,8,-1.601511e-01,8.483310e-02,9.834404e-01
7,8,9,4.457404e-02,5.109083e-02,9.976988e-01
7,9,0,2.448440e-02,2.703019e-01,9.624642e-01
7,9,1,-1.054614e-01,-1.188431e-02,9.943524e-01
7,9,2,-1.042282e-01,-1.695865e-01,9.799882e-01
7,9,3,-2.034941e-01,2.728748e-02,9.786958e-01
7,9,4,1.024201e-01,-1.351134e-01,9.855225e-01
7,9,5,-1.617123e-02,3.477814e-02,9.992642e-01
7,9,6,-5.431866e-02,-9.139115e-02,9.943325e-01
7,9,7,-1.641322e-03,-6.985952e-02,9.975555e-01
7,9,8,-9.768184e-02,1.408065e-01,9.852065e-01
7,9,9,-3.157405e-01,-8.337030e-02,9.451758e-01
8,0,0,-1.158641e-01,2.610761e-02,9.929219e-01
8,0,1,-7.559524e-02,-6.035626e-02,9.953102e-01
8,0,2,-3.327458e-01,6.374937e-02,9.408593e-01
8,0,3,-1.354803e-01,-1.181119e-01,9.837147e-01
8,0,4,1.511345e-02,-7.546041e-02,9.970343e-01
8,0,5,-1.083678e-01,1.179176e-04,9.941109e-01
8,0,6,-2.123871e-01,-1.155769e-01,9.703266e-01
8,0,7,-1.646948e-01,9.685077e-02,9.815781e-01
8,0,8,-5.341335e-02,-1.308451e-03,9.985716e-01
8,0,9,-3.700562e-02,2.911561e-03,9.993108e-01
8,1,0,-1.666403e-01,1.217278e-02,9.859426e-01
8,1,1,-2.970548e-02,4.005900e-02,9.987557e-01
8,1,2,-2.028766e-01,5.673121e-02,9.775595e-01
8,1,3,2.421593e-02,-3.708242e-02,9.990188e-01
8,1,4,2.625523e-02,9.379392e-02,9.952454e-01
8,1,5,-1.596587e-01,1.299771e-01,9.785781e-01
8,1,6,-1.003657e-01,-1.843184e-01,9.777287e-01
8,1,7,-3.048298e-01,-3.690668e-02,9.516915e-01
8,1,8,-7.846754e-02,-8.578676e-02,9.932187e-01
8,1,9,-6.830866e-02,1.063667e-01,9.919779e-01
8,2,0,-7.863126e-02,1.005373e-01,9.918212e-01
8,2,1,-2.409969e-01,1.368340e-01,9.608314e-01
8,2,2,-1.187144e-01,-4.836158e-02,9.917500e-01
8,2,3,-2.127593e-01,-1.210035e-01,9.695832e-01
8,2,4,-2.727514e-01,8.072091e-02,9.586923e-01
8,2,5,-8.994808e-02,-4.840752e-02,9.947693e-01
8,2,6,-2.366568e-01,-8.786162e-02,9.676125e-01
8,2,7,8.422979e-02,-5.238267e-02,9.950685e-01
8,2,8,-1.638452e-01,-3.773102e-01,9.114778e-01
8,2,9,-7.568310e-02,-1.954559e-02,9.969403e-01
8,3,0,-1.632103e-01,-2.809379e-02,9.861912e-01
8,3,1,-1.163789e-01,-1.155085e-02,9.931377e-01
8,3,2,-1.184704e-01,-1.481940e-01,9.818367e-01
8,3,3,-5.759706e-02,-3.101661e-02,9.978580e-01
8,3,4,-2.718333e-02,4.969008e-02,9.983947e-01
8,3,5,-2.290256e-01,3.329788e-02,9.728507e-01
8,3,6,9.874044e-02,7.382246e-04,9.951129e-01
8,3,7,9.349487e-02,1.916915e-01,9.769918e-01
8,3,8,-2.228498e-01,-7.130192e-02,9.722417e-01
8,3,9,-6.400105e-02,-1.773378e-01,9.820668e-01
8,4,0,-5.151599e-02,2.771921e-02,9.982874e-01
8,4,1,-1.114027e-01,-1.173908e-01,9.868175e-01
8,4,2,-1.756819e-01,2.151003e-01,9.606600e-01
8,4,3,-3.760210e-02,1.754559e-01,9.837689e-01
8,4,4,-4.328884e-02,-1.660556e-01,9.851658e-01
8,4,5,1.117881e-01,9.836611e-02,9.888516e-01
8,4,6,-1.048929e-01,1.356886e-01,9.851833e-01
8,4,7,8.005235e-02,-7.549351e-02,9.939277e-01
8,4,8,-1.577970e-01,-9.920251e-02,9.824759e-01
8,4,9,-1.204296e-01,-1.178559e-01,9.857011e-01
8,5,0,-1.055389e-01,-4.294900e-03,9.944059e-01
8,5,1,-5.187546e-02,3.421637e-02,9.980672e-01
8,5,2,1.667137e-01,1.623642e-01,9.725453e-01
8,5,3,-2.425791e-02,-7.152325e-02,9.971439e-01
8,5,4,-2.334156e-01,-7.937337e-02,9.691321e-01
8,5,5,5.699029e-02,1.323956e-01,9.895572e-01
8,5,6,2.292373e-02,2.495360e-02,9.994257e-01
8,5,7,6.324906e-02,-1.408668e-01,9.880061e-01
8,5,8,-1.504721e-01,-4.158291e-02,9.877393e-01
8,5,9,-1.353311e-01,-1.108275e-03,9.907998e-01
8,6,0,-8.837874e-02,-1.155177e-01,9.893659e-01
8,6,1,9.418248e-02,-1.741131e-01,9.802114e-01
8,6,2,3.295757e-02,-2.179203e-01,9.754099e-01
8,6,3,-4.192585e-02,4.111076e-02,9.982746e-01
8,6,4,-2.886108e-01,-2.138415e-02,9.572077e-01
8,6,5,-9.034225e-02,7.289026e-02,9.932398e-01
8,6,6,-2.766206e-01,-1.881491e-01,9.423805e-01
8,6,7,-1.391382e-02,-2.537420e-01,9.671719e-01
8,6,8,-4.229123e-02,-1.763747e-01,9.834142e-01
8,6,9,3.527145e-02,-7.544665e-02,9.965258e-01
8,7,0,-2.420709e-01,-2.505596e-01,9.373482e-01
8,7,1,1.226870e-01,-1.082934e-01,9.865194e-01
8,7,2,3.946637e-02,-1.507096e-01,9.877900e-01
8,7,3,-1.638442e-01,9.591882e-03,9.864396e-01
8,7,4,-2.530398e-01,-1.684197e-01,9.526834e-01
8,7,5,-7.099837e-02,1.117187e-01,9.912004e-01
8,7,6,8.136852e-02,-2.589978e-01,9.624444e-01
8,7,7,6.514550e-02,-1.768271e-01,9.820836e-01
8,7,8,-8.400644e-02,6.970181e-03,9.964408e-01
8,7,9,-2.025077e-01,-1.542587e-01,9.670547e-01
8,8,0,-1.928440e-01,8.756678e-02,9.773143e-01
8,8,1,-1.679566e-01,-2.700596e-02,9.854244e-01
8,8,2,-3.131282e-01,-2.379702e-02,9.494127e-01
8,8,3,-7.733825e-02,-2.576217e-01,9.631458e-01
8,8,4,-3.002285e-01,-1.838412e-01,9.359836e-01
8,8,5,-1.533808e-02,-1.544576e-01,9.878803e-01
8,8,6,5.541259e-02,-2.951070e-01,9.538560e-01
8,8,7,1.974849e-02,8.368661e-02,9.962964e-01
8,8,8,-2.846723e-02,3.084707e-02,9.991186e-01
8,8,9,4.188043e-02,-2.297251e-01,9.723541e-01
8,9,0,-3.088464e-01,-8.018946e-02,9.477255e-01
8,9,1,-1.731664e-01,-1.899586e-02,9.847094e-01
8,9,2,-4.163667e-01,9.267044e-02,9.044617e-01
8,9,3,-2.703570e-01,5.404337e-02,9.612421e-01
8,9,4,-2.030618e-02,-1.511425e-01,9.883034e-01
8,9,5,-2.603467e-01,-1.506944e-01,9.536828e-01
8,9,6,-5.595311e-02,-1.258448e-01,9.904708e-01
8,9,7,-2.400772e-01,4.237299e-02,9.698286e-01
8,9,8,-3.301210e-01,5.260006e-02,9.424719e-01
8,9,9,-1.033129e-01,-2.374463e-01,9.658911e-01
9,0,0,-3.930167e-02,-2.686360e-01,9.624396e-01
9,0,1,-5.529376e-02,-2.040350e-01,9.774008e-01
9,0,2,2.486047e-02,-5.558346e-02,9.981445e-01
9,0,3,-2.887623e-02,-1.861155e-02,9.994097e-01
9,0,4,1.585028e-01,-8.991518e-02,9.832559e-01
9,0,5,-1.883594e-01,-6.968016e-02,9.796251e-01
9,0,6,3.966452e-02,-1.572978e-02,9.990892e-01
9,0,7,-7.440637e-02,9.449936e-02,9.927404e-01
9,0,8,6.041577e-02,2.016173e-01,9.775993e-01
9,0,9,-3.726727e-02,-1.526874e-01,9.875716e-01
9,1,0,-3.621372e-01,-1.018517e-01,9.265435e-01
9,1,1,-7.980041e-02,-1.056418e-01,9.911971e-01
9,1,2,1.163026e-02,1.848998e-02,9.997614e-01
9,1,3,-1.638521e-01,9.871898e-02,9.815330e-01
9,1,4,8.118273e-02,-7.077764e-02,9.941830e-01
9,1,5,-7.649405e-02,-1.812613e-01,9.804555e-01
9,1,6,-1.623093e-01,2.641434e-02,9.863863e-01
9,1,7,-3.896324e-02,5.035626e-03,9.992280e-01
9,1,8,-4.816021e-02,-2.689493e-01,9.619495e-01
9,1,9,-3.109025e-01,-2.228279e-01,9.239520e-01
9,2,0,-8.498675e-02,-1.072720e-01,9.905907e-01
9,2,1,-7.066373e-02,4.551273e-02,9.964614e-01
9,2,2,1.101843e-01,8.730960e-02,9.900689e-01
9,2,3,-9.487194e-02,-1.019599e-01,9.902543e-01
9,2,4,-1.203876e-01,8.405784e-02,9.891618e-01
9,2,5,-1.072980e-01,4.424582e-02,9.932419e-01
9,2,6,-1.544336e-01,5.408004e-02,9.865220e-01
9,2,7,-2.006292e-01,-3.521031e-02,9.790343e-01
9,2,8,-2.548692e-01,-3.277502e-01,9.097370e-01
9,2,9,-1.213907e-01,-1.429005e-01,9.822646e-01
9,3,0,-1.197023e-01,-1.316499e-01,9.840425e-01
9,3,1,-1.488178e-01,-1.686766e-01,9.743723e-01
9,3,2,-6.874784e-02,-2.193724e-03,9.976317e-01
9,3,3,-1.493298e-01,-3.808571e-02,9.880537e-01
9,3,4,-1.550476e-01,2.087116e-02,9.876865e-01
9,3,5,-2.481825e-01,-1.821081e-01,9.514421e-01
9,3,6,4.687284e-02,-9.082556e-02,9.947631e-01
9,3,7,-5.773741e-02,-2.613241e-01,9.635227e-01
9,3,8,-2.984803e-01,-9.832005e-02,9.493380e-01
9,3,9,-3.620803e-01,-1.953067e-01,9.114566e-01
9,4,0,-1.983693e-01,-1.567011e-01,9.675197e-01
9,4,1,-2.072352e-01,-1.561298e-01,9.657521e-01
9,4,2,-6.182457e-02,1.489664e-01,9.869077e-01
9,4,3,1.050457e-01,3.135978e-02,9.939728e-01
9,4,4,-7.673603e-02,-4.758711e-02,9.959152e-01
9,4,5,-2.083425e-01,-2.462886e-01,9.465386e-01
9,4,6,-3.058606e-01,-8.570134e-02,9.482113e-01
9,4,7,1.119474e-01,-7.274539e-02,9.910479e-01
9,4,8,-6.746738e-02,-2.639454e-01,9.621751e-01
9,4,9,-2.658302e-01,-2.939256e-02,9.635717e-01
9,5,0,-1.043885e-01,-1.021580e-01,9.892759e-01
9,5,1,-1.855184e-01,-2.476276e-01,9.509277e-01
9,5,2,5.985410e-02,4.422820e-02,9.972268e-01
9,5,3,-8.176204e-03,-5.904431e-02,9.982219e-01
9,5,4,-2.592388e-01,-2.276348e-02,9.655449e-01
9,5,5,-2.424874e-01,2.592017e-02,9.698082e-01
9,5,6,-5.127170e-02,5.296931e-02,9.972790e-01
9,5,7,-1.012159e-02,-7.905141e-02,9.968192e-01
9,5,8,-1.833827e-01,-1.718148e-01,9.679103e-01
9,5,9,-3.006221e-03,3.958661e-03,9.999876e-01
9,6,0,-1.444707e-01,-1.898108e-01,9.711334e-01
9,6,1,-5.525474e-02,-1.939385e-01,9.794564e-01
9,6,2,1.312566e-01,3.139861e-02,9.908511e-01
9,6,3,-2.954973e-01,1.159684e-01,9.482788e-01
9,6,4,-1.677296e-01,1.264350e-01,9.776917e-01
9,6,5,-4.306044e-01,8.848049e-02,8.981932e-01
9,6,6,-5.005153e-03,1.507408e-01,9.885606e-01
9,6,7,-8.195125e-02,5.905528e-02,9.948852e-01
9,6,8,-8.547950e-02,-1.243542e-01,9.885491e-01
9,6,9,9.057693e-02,-1.553602e-01,9.836966e-01
9,7,0,-8.630665e-02,-1.457742e-01,9.855461e-01
9,7,1,-2.806040e-02,-2.239757e-01,9.741907e-01
9,7,2,6.529849e-02,-9.970907e-02,9.928717e-01
9,7,3,1.143171e-02,-7.015449e-02,9.974706e-01
9,7,4,-2.025919e-01,1.803019e-03,9.792616e-01
9,7,5,-9.541852e-02,-1.093094e-01,9.894174e-01
9,7,6,2.404001e-01,-1.730881e-02,9.705195e-01
9,7,7,2.750590e-03,7.879456e-02,9.968871e-01
9,7,8,-1.309119e-01,-1.127011e-02,9.913299e-01
9,7,9,-3.736005e-02,-1.930329e-01,9.804808e-01
9,8,0,-2.734867e-01,-1.374119e-02,9.617776e-01
9,8,1,-8.183767e-02,-7.605569e-02,9.937395e-01
9,8,2,-3.150614e-01,-9.389214e-02,9.444155e-01
9,8,3,-1.183323e-01,-5.420981e-02,9.914932e-01
9,8,4,-1.644547e-01,-5.188546e-02,9.850191e-01
9,8,5,-1.904987e-01,-1.605232e-01,9.684743e-01
9,8,6,1.476404e-03,-3.003202e-01,9.538373e-01
9,8,7,2.720591e-02,-2.429229e-02,9.993346e-01
9,8,8,7.200301e-02,-6.302261e-04,9.974042e-01
9,8,9,-4.614533e-01,-3.091974e-01,8.315394e-01
9,9,0,-2.815501e-01,-1.187136e-01,9.521747e-01
9,9,1,-3.081423e-01,-5.461177e-02,9.497715e-01
9,9,2,-3.579305e-01,-1.380805e-02,9.336461e-01
9,9,3,-1.717299e-01,-5.462313e-02,9.836286e-01
9,9,4,-1.734861e-01,1.444652e-01,9.741829e-01
9,9,5,-1.206063e-01,-4.481292e-02,9.916884e-01
9,9,6,-1.178129e-01,-9.040380e-02,9.889122e-01
9,9,7,-3.020720e-02,-1.376069e-01,9.900262e-01
9,9,8,-1.678900e-01,-1.093099e-01,9.797267e-01
9,9,9,-2.020154e-01,-2.576602e-01,9.448815e-01
